/* FIT9132 2019 S1 Assignment 2 Q1-Part A ANSWERS
   Student Name: ASGHAR MUSTAFA
    Student ID: 28905644

   Comments to your marker:
   
*/

/*Inserts into the PATIENT TABLE*/

insert into PATIENT (PATIENT_ID, PATIENT_FNAME, PATIENT_LNAME, PATIENT_ADDRESS, PATIENT_DOB, PATIENT_CONTACT_PHN) values (83589, 'Jorry', 'Krimmer', '2517 Sauthoff Pass', TO_DATE('06/28/1988','MM/DD/YYYY'), '0492546425');
insert into PATIENT (PATIENT_ID, PATIENT_FNAME, PATIENT_LNAME, PATIENT_ADDRESS, PATIENT_DOB, PATIENT_CONTACT_PHN) values (183029, 'Edmon', 'Bond', '41 Melvin Drive', TO_DATE('06/02/1995','MM/DD/YYYY'), '0470547767');
insert into PATIENT (PATIENT_ID, PATIENT_FNAME, PATIENT_LNAME, PATIENT_ADDRESS, PATIENT_DOB, PATIENT_CONTACT_PHN) values (132163, 'Clemence', 'Peevor', '598 8th Lane',TO_DATE( '02/02/1953','MM/DD/YYYY'), '0446156566');
insert into PATIENT (PATIENT_ID, PATIENT_FNAME, PATIENT_LNAME, PATIENT_ADDRESS, PATIENT_DOB, PATIENT_CONTACT_PHN) values (42646, 'Lemar', 'Kordt', '4062 Sommers Park',TO_DATE('03/10/2017','MM/DD/YYYY'), '0484215041');
insert into PATIENT (PATIENT_ID, PATIENT_FNAME, PATIENT_LNAME, PATIENT_ADDRESS, PATIENT_DOB, PATIENT_CONTACT_PHN) values (158319, 'Siward', 'Gilbertson', '86 Wayridge Lane',TO_DATE('02/08/2007','MM/DD/YYYY'), '0481202694');
insert into PATIENT (PATIENT_ID, PATIENT_FNAME, PATIENT_LNAME, PATIENT_ADDRESS, PATIENT_DOB, PATIENT_CONTACT_PHN) values (116903, 'Jennie', 'Bullin', '632 Riverside Place',TO_DATE('10/05/2018','MM/DD/YYYY') , '0414662745');
insert into PATIENT (PATIENT_ID, PATIENT_FNAME, PATIENT_LNAME, PATIENT_ADDRESS, PATIENT_DOB, PATIENT_CONTACT_PHN) values (143589, 'Falkner', 'Arundel', '6675 Nancy Drive', TO_DATE('01/18/1953','MM/DD/YYYY'), '0453028223');
insert into PATIENT (PATIENT_ID, PATIENT_FNAME, PATIENT_LNAME, PATIENT_ADDRESS, PATIENT_DOB, PATIENT_CONTACT_PHN) values (143058, 'Camila', 'Mellodey', '34 Atwood Junction', TO_DATE('04/13/1997','MM/DD/YYYY'), '045662440');
insert into PATIENT (PATIENT_ID, PATIENT_FNAME, PATIENT_LNAME, PATIENT_ADDRESS, PATIENT_DOB, PATIENT_CONTACT_PHN) values (148405, 'Reid', 'Smorfit', '3045 Chive Plaza', TO_DATE('01/18/1999','MM/DD/YYYY'), '0463189886');
insert into PATIENT (PATIENT_ID, PATIENT_FNAME, PATIENT_LNAME, PATIENT_ADDRESS, PATIENT_DOB, PATIENT_CONTACT_PHN) values (33992, 'Mariya', 'Vaughan-Hughes', '5874 Vera Junction', TO_DATE('10/08/1968','MM/DD/YYYY'), '0444181879');
insert into PATIENT (PATIENT_ID, PATIENT_FNAME, PATIENT_LNAME, PATIENT_ADDRESS, PATIENT_DOB, PATIENT_CONTACT_PHN) values (74837, 'Urban', 'Mc Comb', '87601 Loeprich Lane', TO_DATE('12/25/2004','MM/DD/YYYY'), '0433405989');
insert into PATIENT (PATIENT_ID, PATIENT_FNAME, PATIENT_LNAME, PATIENT_ADDRESS, PATIENT_DOB, PATIENT_CONTACT_PHN) values (191691, 'Glad', 'Chilles', '1960 Muir Drive', TO_DATE('10/16/1996','MM/DD/YYYY'), '0499037725');
insert into PATIENT (PATIENT_ID, PATIENT_FNAME, PATIENT_LNAME, PATIENT_ADDRESS, PATIENT_DOB, PATIENT_CONTACT_PHN) values (5793, 'Teodoor', 'Fleckness', '33 Ilene Street',TO_DATE('02/25/2013','MM/DD/YYYY') , '0455286634');
insert into PATIENT (PATIENT_ID, PATIENT_FNAME, PATIENT_LNAME, PATIENT_ADDRESS, PATIENT_DOB, PATIENT_CONTACT_PHN) values (17060, 'Joeann', 'Box', '0 Magdeline Crossing', TO_DATE('03/17/1955','MM/DD/YYYY'), '0478383861');
insert into PATIENT (PATIENT_ID, PATIENT_FNAME, PATIENT_LNAME, PATIENT_ADDRESS, PATIENT_DOB, PATIENT_CONTACT_PHN) values (198443, 'Shepperd', 'Verriour', '45 Eastwood Center', TO_DATE('07/18/1989','MM/DD/YYYY'), '0434578430');
insert into PATIENT (PATIENT_ID, PATIENT_FNAME, PATIENT_LNAME, PATIENT_ADDRESS, PATIENT_DOB, PATIENT_CONTACT_PHN) values (66672, 'Sigismundo', 'Redan', '5826 Boyd Court', TO_DATE('04/14/1983','MM/DD/YYYY'), '0466753141');
insert into PATIENT (PATIENT_ID, PATIENT_FNAME, PATIENT_LNAME, PATIENT_ADDRESS, PATIENT_DOB, PATIENT_CONTACT_PHN) values (184670, 'Thebault', 'Palfreeman', '74 Manufacturers Hill', TO_DATE('11/15/1991','MM/DD/YYYY'), '0437334689');
insert into PATIENT (PATIENT_ID, PATIENT_FNAME, PATIENT_LNAME, PATIENT_ADDRESS, PATIENT_DOB, PATIENT_CONTACT_PHN) values (38838, 'Lurleen', 'McTrustie', '7 Esch Court', TO_DATE('02/27/1971','MM/DD/YYYY'), '0426196747');
insert into PATIENT (PATIENT_ID, PATIENT_FNAME, PATIENT_LNAME, PATIENT_ADDRESS, PATIENT_DOB, PATIENT_CONTACT_PHN) values (139433, 'Kelsey', 'Goldman', '76 Ilene Street', TO_DATE('01/07/1986','MM/DD/YYYY'), '0417303773');
insert into PATIENT (PATIENT_ID, PATIENT_FNAME, PATIENT_LNAME, PATIENT_ADDRESS, PATIENT_DOB, PATIENT_CONTACT_PHN) values (186027, 'Antonie', 'Felder', '3574 Golf Course Drive',TO_DATE('6/12/1997','MM/DD/YYYY'), '0485604087');


/*Inserts into the ADMISSION TABLE*/
insert into ADMISSION (ADM_NO, ADM_DATE_TIME, ADM_DISCHARGE, PATIENT_ID, DOCTOR_ID) values (1350, TO_DATE('01/04/2019 14:04:58','MM/DD/YYYY HH24:MI:SS'),TO_DATE('01/10/2019 09:09:09','MM/DD/YYYY HH24:MI:SS') , 143589, 1027);
insert into ADMISSION (ADM_NO, ADM_DATE_TIME, ADM_DISCHARGE, PATIENT_ID, DOCTOR_ID) values (1354, TO_DATE('01/04/2019 15:53:39','MM/DD/YYYY HH24:MI:SS'), TO_DATE('01/20/2019 08:53:59','MM/DD/YYYY HH24:MI:SS'), 83589, 1298);
insert into ADMISSION (ADM_NO, ADM_DATE_TIME, ADM_DISCHARGE, PATIENT_ID, DOCTOR_ID) values (1488, TO_DATE('01/15/2019 10:53:48','MM/DD/YYYY HH24:MI:SS'), TO_DATE('01/20/2019 18:04:48','MM/DD/YYYY HH24:MI:SS'), 183029, 7890);
insert into ADMISSION (ADM_NO, ADM_DATE_TIME, ADM_DISCHARGE, PATIENT_ID, DOCTOR_ID) values (2042, TO_DATE('02/01/2019 09:09:48','MM/DD/YYYY HH24:MI:SS'), TO_DATE('02/02/2019 14:53:48','MM/DD/YYYY HH24:MI:SS'), 132163, 1027);
insert into ADMISSION (ADM_NO, ADM_DATE_TIME, ADM_DISCHARGE, PATIENT_ID, DOCTOR_ID) values (2101, TO_DATE('02/06/2019 08:04:58','MM/DD/YYYY HH24:MI:SS'),TO_DATE('02/10/2019 19:19:18','MM/DD/YYYY HH24:MI:SS') , 143589, 1048);
insert into ADMISSION (ADM_NO, ADM_DATE_TIME, ADM_DISCHARGE, PATIENT_ID, DOCTOR_ID) values (2192, TO_DATE('02/11/2019 10:06:48','MM/DD/YYYY HH24:MI:SS'),TO_DATE('02/26/2019 16:17:17','MM/DD/YYYY HH24:MI:SS') , 143589, 1048);
insert into ADMISSION (ADM_NO, ADM_DATE_TIME, ADM_DISCHARGE, PATIENT_ID, DOCTOR_ID) values (2395, TO_DATE('02/28/2019 17:55:55','MM/DD/YYYY HH24:MI:SS'),TO_DATE('03/07/2019 19:53:48','MM/DD/YYYY HH24:MI:SS'), 42646, 1048);
insert into ADMISSION (ADM_NO, ADM_DATE_TIME, ADM_DISCHARGE, PATIENT_ID, DOCTOR_ID) values (3045, TO_DATE('03/01/2019 10:53:48','MM/DD/YYYY HH24:MI:SS'), TO_DATE('03/15/2019 12:00:48','MM/DD/YYYY HH24:MI:SS'), 158319, 2459);
insert into ADMISSION (ADM_NO, ADM_DATE_TIME, ADM_DISCHARGE, PATIENT_ID, DOCTOR_ID) values (3468, TO_DATE('03/14/2019 04:53:48','MM/DD/YYYY HH24:MI:SS'), TO_DATE('03/19/2019 10:53:48','MM/DD/YYYY HH24:MI:SS'), 116903, 1056);
insert into ADMISSION (ADM_NO, ADM_DATE_TIME, ADM_DISCHARGE, PATIENT_ID, DOCTOR_ID) values (4077, TO_DATE('03/14/2019 14:01:38','MM/DD/YYYY HH24:MI:SS'), NULL, 143589, 1095);
insert into ADMISSION (ADM_NO, ADM_DATE_TIME, ADM_DISCHARGE, PATIENT_ID, DOCTOR_ID) values (4442, TO_DATE('03/14/2019 21:53:48','MM/DD/YYYY HH24:MI:SS'), TO_DATE('03/25/2019 14:42:58','MM/DD/YYYY HH24:MI:SS'), 143058, 1064);
insert into ADMISSION (ADM_NO, ADM_DATE_TIME, ADM_DISCHARGE, PATIENT_ID, DOCTOR_ID) values (4999, TO_DATE('03/29/2019 20:53:48','MM/DD/YYYY HH24:MI:SS'), TO_DATE('03/30/2019 08:53:48','MM/DD/YYYY HH24:MI:SS'), 148405, 1095);
insert into ADMISSION (ADM_NO, ADM_DATE_TIME, ADM_DISCHARGE, PATIENT_ID, DOCTOR_ID) values (5010, TO_DATE('04/05/2019 23:53:48','MM/DD/YYYY HH24:MI:SS'), NULL, 33992, 1069);
insert into ADMISSION (ADM_NO, ADM_DATE_TIME, ADM_DISCHARGE, PATIENT_ID, DOCTOR_ID) values (5290, TO_DATE('04/05/2019 21:02:04','MM/DD/YYYY HH24:MI:SS'), TO_DATE('04/15/2019 10:53:42','MM/DD/YYYY HH24:MI:SS'), 74837, 1060);
insert into ADMISSION (ADM_NO, ADM_DATE_TIME, ADM_DISCHARGE, PATIENT_ID, DOCTOR_ID) values (5950, TO_DATE('04/08/2019 03:02:39','MM/DD/YYYY HH24:MI:SS'), TO_DATE('04/13/2019 07:53:44','MM/DD/YYYY HH24:MI:SS'), 191691, 1033);
insert into ADMISSION (ADM_NO, ADM_DATE_TIME, ADM_DISCHARGE, PATIENT_ID, DOCTOR_ID) values (6313, TO_DATE('04/12/2019 06:55:35','MM/DD/YYYY HH24:MI:SS'), TO_DATE('04/15/2019 10:57:41','MM/DD/YYYY HH24:MI:SS'), 5793, 1061);
insert into ADMISSION (ADM_NO, ADM_DATE_TIME, ADM_DISCHARGE, PATIENT_ID, DOCTOR_ID) values (6572, TO_DATE('04/18/2019 14:37:20','MM/DD/YYYY HH24:MI:SS'),TO_DATE('04/25/2019 17:05:22','MM/DD/YYYY HH24:MI:SS') , 186027, 1061);
insert into ADMISSION (ADM_NO, ADM_DATE_TIME, ADM_DISCHARGE, PATIENT_ID, DOCTOR_ID) values (6714, TO_DATE('04/20/2019 10:53:25','MM/DD/YYYY HH24:MI:SS'), TO_DATE('04/26/2019 19:53:48','MM/DD/YYYY HH24:MI:SS'), 17060, 7900);
insert into ADMISSION (ADM_NO, ADM_DATE_TIME, ADM_DISCHARGE, PATIENT_ID, DOCTOR_ID) values (6799, TO_DATE('04/22/2019 15:53:39','MM/DD/YYYY HH24:MI:SS'), TO_DATE('04/23/2019 08:53:59','MM/DD/YYYY HH24:MI:SS'), 83589, 1018);
insert into ADMISSION (ADM_NO, ADM_DATE_TIME, ADM_DISCHARGE, PATIENT_ID, DOCTOR_ID) values (6915, TO_DATE('04/24/2019 01:53:48','MM/DD/YYYY HH24:MI:SS'),TO_DATE('04/24/2019 16:55:08','MM/DD/YYYY HH24:MI:SS'), 198443, 1018);
insert into ADMISSION (ADM_NO, ADM_DATE_TIME, ADM_DISCHARGE, PATIENT_ID, DOCTOR_ID) values (7016, TO_DATE('04/26/2019 15:01:32','MM/DD/YYYY HH24:MI:SS'), NULL, 66672, 1084);
insert into ADMISSION (ADM_NO, ADM_DATE_TIME, ADM_DISCHARGE, PATIENT_ID, DOCTOR_ID) values (7517, TO_DATE('04/28/2019 05:53:21','MM/DD/YYYY HH24:MI:SS'), TO_DATE('04/28/2019 10:53:09','MM/DD/YYYY HH24:MI:SS'), 184670, 1005);
insert into ADMISSION (ADM_NO, ADM_DATE_TIME, ADM_DISCHARGE, PATIENT_ID, DOCTOR_ID) values (7718, TO_DATE('05/01/2019 07:55:48','MM/DD/YYYY HH24:MI:SS'), TO_DATE('05/06/2019 12:09:48','MM/DD/YYYY HH24:MI:SS'), 38838, 1012);
insert into ADMISSION (ADM_NO, ADM_DATE_TIME, ADM_DISCHARGE, PATIENT_ID, DOCTOR_ID) values (8419, TO_DATE('05/10/2019 06:02:44','MM/DD/YYYY HH24:MI:SS'), TO_DATE('05/12/2019 09:00:04','MM/DD/YYYY HH24:MI:SS'), 139433, 1064);
insert into ADMISSION (ADM_NO, ADM_DATE_TIME, ADM_DISCHARGE, PATIENT_ID, DOCTOR_ID) values (8520, TO_DATE('05/15/2019 23:59:59','MM/DD/YYYY HH24:MI:SS'), TO_DATE('05/17/2019 08:00:48','MM/DD/YYYY HH24:MI:SS'), 186027, 1056);
insert into ADMISSION (ADM_NO, ADM_DATE_TIME, ADM_DISCHARGE, PATIENT_ID, DOCTOR_ID) values (9021, TO_DATE('05/15/2019 13:00:46','MM/DD/YYYY HH24:MI:SS'), TO_DATE('05/17/2019 11:53:44','MM/DD/YYYY HH24:MI:SS'), 143058, 1099);
insert into ADMISSION (ADM_NO, ADM_DATE_TIME, ADM_DISCHARGE, PATIENT_ID, DOCTOR_ID) values (9222, TO_DATE('05/18/2019 10:53:19','MM/DD/YYYY HH24:MI:SS'), NULL, 186027, 2459);
insert into ADMISSION (ADM_NO, ADM_DATE_TIME, ADM_DISCHARGE, PATIENT_ID, DOCTOR_ID) values (9723, TO_DATE('05/18/2019 23:53:18','MM/DD/YYYY HH24:MI:SS'), TO_DATE('05/20/2019 08:30:18','MM/DD/YYYY HH24:MI:SS'), 83589, 2459);
insert into ADMISSION (ADM_NO, ADM_DATE_TIME, ADM_DISCHARGE, PATIENT_ID, DOCTOR_ID) values (9924, TO_DATE('05/20/2019 21:53:48','MM/DD/YYYY HH24:MI:SS'),NULL , 183029, 1028);
insert into ADMISSION (ADM_NO, ADM_DATE_TIME, ADM_DISCHARGE, PATIENT_ID, DOCTOR_ID) values (9925, TO_DATE('05/20/2019 23:53:06','MM/DD/YYYY HH24:MI:SS'), NULL, 83589, 7900);
insert into ADMISSION (ADM_NO, ADM_DATE_TIME, ADM_DISCHARGE, PATIENT_ID, DOCTOR_ID) values (9927, TO_DATE('05/20/2019 23:55:16','MM/DD/YYYY HH24:MI:SS'), NULL, 143058, 7890);

/*Inserts into the ADMISSION PROCEDURE TABLE*/
insert into ADM_PRC (ADPRC_NO, ADPRC_DATE_TIME, ADPRC_PAT_COST, ADPRC_ITEMS_COST, ADM_NO,PROC_CODE,REQUEST_DR_ID,PERFORM_DR_ID) values (10001,TO_DATE('01/04/2019 16:53:39','MM/DD/YYYY  HH24:MI:SS'),33,3.45,1354,65554,1298,NULL);
insert into ADM_PRC (ADPRC_NO, ADPRC_DATE_TIME, ADPRC_PAT_COST, ADPRC_ITEMS_COST, ADM_NO,PROC_CODE,REQUEST_DR_ID,PERFORM_DR_ID) values (10953,TO_DATE('01/09/2019 08:01:34','MM/DD/YYYY  HH24:MI:SS'),150,192.68,1354,43114,1048,1061);
insert into ADM_PRC (ADPRC_NO, ADPRC_DATE_TIME, ADPRC_PAT_COST, ADPRC_ITEMS_COST, ADM_NO,PROC_CODE,REQUEST_DR_ID,PERFORM_DR_ID) values (11501,TO_DATE('01/15/2019 15:31:14','MM/DD/YYYY  HH24:MI:SS'),35,3.45,1354,65554,1061,NULL);
insert into ADM_PRC (ADPRC_NO, ADPRC_DATE_TIME, ADPRC_PAT_COST, ADPRC_ITEMS_COST, ADM_NO,PROC_CODE,REQUEST_DR_ID,PERFORM_DR_ID) values (11805,TO_DATE('01/18/2019 12:07:36','MM/DD/YYYY  HH24:MI:SS'),600,0,1488,17122,7890,1298);
insert into ADM_PRC (ADPRC_NO, ADPRC_DATE_TIME, ADPRC_PAT_COST, ADPRC_ITEMS_COST, ADM_NO,PROC_CODE,REQUEST_DR_ID,PERFORM_DR_ID) values (12634,TO_DATE('02/01/2019 16:07:26','MM/DD/YYYY  HH24:MI:SS'),350,0,2042,15511,1060,1084);
insert into ADM_PRC (ADPRC_NO, ADPRC_DATE_TIME, ADPRC_PAT_COST, ADPRC_ITEMS_COST, ADM_NO,PROC_CODE,REQUEST_DR_ID,PERFORM_DR_ID) values (15234,TO_DATE('02/28/2019 15:05:49','MM/DD/YYYY  HH24:MI:SS'),400,0,2395,12055,2459,7900);
insert into ADM_PRC (ADPRC_NO, ADPRC_DATE_TIME, ADPRC_PAT_COST, ADPRC_ITEMS_COST, ADM_NO,PROC_CODE,REQUEST_DR_ID,PERFORM_DR_ID) values (15400,TO_DATE('03/01/2019 16:07:26','MM/DD/YYYY  HH24:MI:SS'),98,5.7,2395,19887,2459,NULL);
insert into ADM_PRC (ADPRC_NO, ADPRC_DATE_TIME, ADPRC_PAT_COST, ADPRC_ITEMS_COST, ADM_NO,PROC_CODE,REQUEST_DR_ID,PERFORM_DR_ID) values (15404,TO_DATE('03/01/2019 17:05:01','MM/DD/YYYY  HH24:MI:SS'),150,1.44,3045,29844,1084,2459);
insert into ADM_PRC (ADPRC_NO, ADPRC_DATE_TIME, ADPRC_PAT_COST, ADPRC_ITEMS_COST, ADM_NO,PROC_CODE,REQUEST_DR_ID,PERFORM_DR_ID) values (15846,TO_DATE('03/10/2019 09:07:25','MM/DD/YYYY  HH24:MI:SS'),28,3.45,3045,65554,2459,NULL);
insert into ADM_PRC (ADPRC_NO, ADPRC_DATE_TIME, ADPRC_PAT_COST, ADPRC_ITEMS_COST, ADM_NO,PROC_CODE,REQUEST_DR_ID,PERFORM_DR_ID) values (16111,TO_DATE('03/14/2019 21:09:16','MM/DD/YYYY  HH24:MI:SS'),175,215.1,3045,29844,2459,1084);
insert into ADM_PRC (ADPRC_NO, ADPRC_DATE_TIME, ADPRC_PAT_COST, ADPRC_ITEMS_COST, ADM_NO,PROC_CODE,REQUEST_DR_ID,PERFORM_DR_ID) values (16398,TO_DATE('03/17/2019 16:07:36','MM/DD/YYYY  HH24:MI:SS'),80,0,3468,23432,1033,1069);
insert into ADM_PRC (ADPRC_NO, ADPRC_DATE_TIME, ADPRC_PAT_COST, ADPRC_ITEMS_COST, ADM_NO,PROC_CODE,REQUEST_DR_ID,PERFORM_DR_ID) values (16998,TO_DATE('03/23/2019 02:15:26','MM/DD/YYYY  HH24:MI:SS'),30,0,4077,65554,1298,NULL);
insert into ADM_PRC (ADPRC_NO, ADPRC_DATE_TIME, ADPRC_PAT_COST, ADPRC_ITEMS_COST, ADM_NO,PROC_CODE,REQUEST_DR_ID,PERFORM_DR_ID) values (18000,TO_DATE('03/29/2019 15:07:26','MM/DD/YYYY  HH24:MI:SS'),95,0,4077,32266,1099,1095);
insert into ADM_PRC (ADPRC_NO, ADPRC_DATE_TIME, ADPRC_PAT_COST, ADPRC_ITEMS_COST, ADM_NO,PROC_CODE,REQUEST_DR_ID,PERFORM_DR_ID) values (21355,TO_DATE('04/15/2019 14:03:26','MM/DD/YYYY  HH24:MI:SS'),31,0,4077,65554,1298,NULL);
insert into ADM_PRC (ADPRC_NO, ADPRC_DATE_TIME, ADPRC_PAT_COST, ADPRC_ITEMS_COST, ADM_NO,PROC_CODE,REQUEST_DR_ID,PERFORM_DR_ID) values (22505,TO_DATE('04/21/2019 08:05:25','MM/DD/YYYY  HH24:MI:SS'),650,192.61,4077,43112,1298,1048);
insert into ADM_PRC (ADPRC_NO, ADPRC_DATE_TIME, ADPRC_PAT_COST, ADPRC_ITEMS_COST, ADM_NO,PROC_CODE,REQUEST_DR_ID,PERFORM_DR_ID) values (30303,TO_DATE('05/20/2019 10:14:19','MM/DD/YYYY  HH24:MI:SS'),119,192.68,4077,43114,1048,1061);
insert into ADM_PRC (ADPRC_NO, ADPRC_DATE_TIME, ADPRC_PAT_COST, ADPRC_ITEMS_COST, ADM_NO,PROC_CODE,REQUEST_DR_ID,PERFORM_DR_ID) values (18780,TO_DATE('03/30/2019 02:07:26','MM/DD/YYYY  HH24:MI:SS'),40,335.37,4999,40100,1095,1018);
insert into ADM_PRC (ADPRC_NO, ADPRC_DATE_TIME, ADPRC_PAT_COST, ADPRC_ITEMS_COST, ADM_NO,PROC_CODE,REQUEST_DR_ID,PERFORM_DR_ID) values (20001,TO_DATE('04/07/2019 04:07:26','MM/DD/YYYY  HH24:MI:SS'),33,6.9,5010,65554,1005,NULL);
insert into ADM_PRC (ADPRC_NO, ADPRC_DATE_TIME, ADPRC_PAT_COST, ADPRC_ITEMS_COST, ADM_NO,PROC_CODE,REQUEST_DR_ID,PERFORM_DR_ID) values (22600,TO_DATE('04/21/2019 09:07:26','MM/DD/YYYY  HH24:MI:SS'),395,0,5010,43111,1005,1012);
insert into ADM_PRC (ADPRC_NO, ADPRC_DATE_TIME, ADPRC_PAT_COST, ADPRC_ITEMS_COST, ADM_NO,PROC_CODE,REQUEST_DR_ID,PERFORM_DR_ID) values (25987,TO_DATE('05/05/2019 16:07:39','MM/DD/YYYY  HH24:MI:SS'),380,182.33,5010,43112,1012,7890);
insert into ADM_PRC (ADPRC_NO, ADPRC_DATE_TIME, ADPRC_PAT_COST, ADPRC_ITEMS_COST, ADM_NO,PROC_CODE,REQUEST_DR_ID,PERFORM_DR_ID) values (29912,TO_DATE('05/18/2019 16:06:26','MM/DD/YYYY  HH24:MI:SS'),29,0,5010,65554,7890,NULL);
insert into ADM_PRC (ADPRC_NO, ADPRC_DATE_TIME, ADPRC_PAT_COST, ADPRC_ITEMS_COST, ADM_NO,PROC_CODE,REQUEST_DR_ID,PERFORM_DR_ID) values (20654,TO_DATE('04/12/2019 10:09:34','MM/DD/YYYY  HH24:MI:SS'),75,0,5290,40099,1069,1064);
insert into ADM_PRC (ADPRC_NO, ADPRC_DATE_TIME, ADPRC_PAT_COST, ADPRC_ITEMS_COST, ADM_NO,PROC_CODE,REQUEST_DR_ID,PERFORM_DR_ID) values (20907,TO_DATE('04/13/2019 11:34:24','MM/DD/YYYY  HH24:MI:SS'),700,4.76,6313,17122,1061,1061);
insert into ADM_PRC (ADPRC_NO, ADPRC_DATE_TIME, ADPRC_PAT_COST, ADPRC_ITEMS_COST, ADM_NO,PROC_CODE,REQUEST_DR_ID,PERFORM_DR_ID) values (23900,TO_DATE('04/23/2019 11:52:19','MM/DD/YYYY  HH24:MI:SS'),95,0,6714,15509,7900,1027);
insert into ADM_PRC (ADPRC_NO, ADPRC_DATE_TIME, ADPRC_PAT_COST, ADPRC_ITEMS_COST, ADM_NO,PROC_CODE,REQUEST_DR_ID,PERFORM_DR_ID) values (24150,TO_DATE('04/25/2019 20:00:24','MM/DD/YYYY  HH24:MI:SS'),60,0,6714,15510,1027,1027);
insert into ADM_PRC (ADPRC_NO, ADPRC_DATE_TIME, ADPRC_PAT_COST, ADPRC_ITEMS_COST, ADM_NO,PROC_CODE,REQUEST_DR_ID,PERFORM_DR_ID) values (23012,TO_DATE('04/21/2019 14:12:15','MM/DD/YYYY  HH24:MI:SS'),240,0,7016,54132,1084,1084);
insert into ADM_PRC (ADPRC_NO, ADPRC_DATE_TIME, ADPRC_PAT_COST, ADPRC_ITEMS_COST, ADM_NO,PROC_CODE,REQUEST_DR_ID,PERFORM_DR_ID) values (30434,TO_DATE('05/20/2019 14:14:19','MM/DD/YYYY  HH24:MI:SS'),30,0,7016,40100,1084,1018);
insert into ADM_PRC (ADPRC_NO, ADPRC_DATE_TIME, ADPRC_PAT_COST, ADPRC_ITEMS_COST, ADM_NO,PROC_CODE,REQUEST_DR_ID,PERFORM_DR_ID) values (24711,TO_DATE('04/28/2019 07:30:24','MM/DD/YYYY  HH24:MI:SS'),250,0,7517,15511,7900,1084);
insert into ADM_PRC (ADPRC_NO, ADPRC_DATE_TIME, ADPRC_PAT_COST, ADPRC_ITEMS_COST, ADM_NO,PROC_CODE,REQUEST_DR_ID,PERFORM_DR_ID) values (24720,TO_DATE('04/28/2019 09:50:31','MM/DD/YYYY  HH24:MI:SS'),35,3.45,7517,65554,7900,NULL);
insert into ADM_PRC (ADPRC_NO, ADPRC_DATE_TIME, ADPRC_PAT_COST, ADPRC_ITEMS_COST, ADM_NO,PROC_CODE,REQUEST_DR_ID,PERFORM_DR_ID) values (24002,TO_DATE('05/02/2019 15:19:34','MM/DD/YYYY  HH24:MI:SS'),37,3.45,7718,65554,1012,NULL);
insert into ADM_PRC (ADPRC_NO, ADPRC_DATE_TIME, ADPRC_PAT_COST, ADPRC_ITEMS_COST, ADM_NO,PROC_CODE,REQUEST_DR_ID,PERFORM_DR_ID) values (24999,TO_DATE('05/04/2019 20:14:22','MM/DD/YYYY  HH24:MI:SS'),65,0,7718,71432,1012,1060);
insert into ADM_PRC (ADPRC_NO, ADPRC_DATE_TIME, ADPRC_PAT_COST, ADPRC_ITEMS_COST, ADM_NO,PROC_CODE,REQUEST_DR_ID,PERFORM_DR_ID) values (27453,TO_DATE('05/11/2019 17:14:22','MM/DD/YYYY  HH24:MI:SS'),450,0,8419,17122,1064,1099);
insert into ADM_PRC (ADPRC_NO, ADPRC_DATE_TIME, ADPRC_PAT_COST, ADPRC_ITEMS_COST, ADM_NO,PROC_CODE,REQUEST_DR_ID,PERFORM_DR_ID) values (28843,TO_DATE('05/16/2019 17:04:22','MM/DD/YYYY  HH24:MI:SS'),70.45,11.94,9021,33335,1048,1069);
insert into ADM_PRC (ADPRC_NO, ADPRC_DATE_TIME, ADPRC_PAT_COST, ADPRC_ITEMS_COST, ADM_NO,PROC_CODE,REQUEST_DR_ID,PERFORM_DR_ID) values (29991,TO_DATE('05/19/2019 14:03:21','MM/DD/YYYY  HH24:MI:SS'),1000,4.76,9723,17122,2459,1298);

/*Inserts into the ITEM TREATMENT TABLE*/
insert into ITEM_TREATMENT (ADPRC_NO,ITEM_CODE,IT_QTY_USED,IT_ITEM_TOTAL_COST) values (10001,'NE001',1,3.45);
insert into ITEM_TREATMENT (ADPRC_NO,ITEM_CODE,IT_QTY_USED,IT_ITEM_TOTAL_COST) values (10953,'AN002',1,182.33);
insert into ITEM_TREATMENT (ADPRC_NO,ITEM_CODE,IT_QTY_USED,IT_ITEM_TOTAL_COST) values (10953,'NE001',3,10.35);
insert into ITEM_TREATMENT (ADPRC_NO,ITEM_CODE,IT_QTY_USED,IT_ITEM_TOTAL_COST) values (11501,'NE001',1,3.45);
insert into ITEM_TREATMENT (ADPRC_NO,ITEM_CODE,IT_QTY_USED,IT_ITEM_TOTAL_COST) values (15400,'AT258',5,5.7);
insert into ITEM_TREATMENT (ADPRC_NO,ITEM_CODE,IT_QTY_USED,IT_ITEM_TOTAL_COST) values (15404,'ST252',2,1.44);
insert into ITEM_TREATMENT (ADPRC_NO,ITEM_CODE,IT_QTY_USED,IT_ITEM_TOTAL_COST) values (15846,'NE001',1,3.45);
insert into ITEM_TREATMENT (ADPRC_NO,ITEM_CODE,IT_QTY_USED,IT_ITEM_TOTAL_COST) values (16111,'LB250',1,215.1);
insert into ITEM_TREATMENT (ADPRC_NO,ITEM_CODE,IT_QTY_USED,IT_ITEM_TOTAL_COST) values (22505,'TE001',1,1.72);
insert into ITEM_TREATMENT (ADPRC_NO,ITEM_CODE,IT_QTY_USED,IT_ITEM_TOTAL_COST) values (22505,'OV001',2,8.56);
insert into ITEM_TREATMENT (ADPRC_NO,ITEM_CODE,IT_QTY_USED,IT_ITEM_TOTAL_COST) values (22505,'AN002',1,182.33);
insert into ITEM_TREATMENT (ADPRC_NO,ITEM_CODE,IT_QTY_USED,IT_ITEM_TOTAL_COST) values (30303,'NE001',3,10.35);
insert into ITEM_TREATMENT (ADPRC_NO,ITEM_CODE,IT_QTY_USED,IT_ITEM_TOTAL_COST) values (18780,'NE001',1,3.45);
insert into ITEM_TREATMENT (ADPRC_NO,ITEM_CODE,IT_QTY_USED,IT_ITEM_TOTAL_COST) values (18780,'ST252',1,0.72);
insert into ITEM_TREATMENT (ADPRC_NO,ITEM_CODE,IT_QTY_USED,IT_ITEM_TOTAL_COST) values (18780,'LB250',1,250);
insert into ITEM_TREATMENT (ADPRC_NO,ITEM_CODE,IT_QTY_USED,IT_ITEM_TOTAL_COST) values (18780,'AP050',1,81.2);
insert into ITEM_TREATMENT (ADPRC_NO,ITEM_CODE,IT_QTY_USED,IT_ITEM_TOTAL_COST) values (20001,'NE001',2,6.9);
insert into ITEM_TREATMENT (ADPRC_NO,ITEM_CODE,IT_QTY_USED,IT_ITEM_TOTAL_COST) values (25987,'AN002',1,182.33);
insert into ITEM_TREATMENT (ADPRC_NO,ITEM_CODE,IT_QTY_USED,IT_ITEM_TOTAL_COST) values (20907,'PS318',1,4.76);
insert into ITEM_TREATMENT (ADPRC_NO,ITEM_CODE,IT_QTY_USED,IT_ITEM_TOTAL_COST) values (24720,'NE001',1,3.45);
insert into ITEM_TREATMENT (ADPRC_NO,ITEM_CODE,IT_QTY_USED,IT_ITEM_TOTAL_COST) values (24002,'NE001',3,10.35);
insert into ITEM_TREATMENT (ADPRC_NO,ITEM_CODE,IT_QTY_USED,IT_ITEM_TOTAL_COST) values (28843,'CE010',2,7.96);
insert into ITEM_TREATMENT (ADPRC_NO,ITEM_CODE,IT_QTY_USED,IT_ITEM_TOTAL_COST) values (28843,'CE001',1,3.98);
insert into ITEM_TREATMENT (ADPRC_NO,ITEM_CODE,IT_QTY_USED,IT_ITEM_TOTAL_COST) values (29991,'PS318',1,4.76);



COMMIT;